<?xml version="1.0" encoding="UTF-8"?>
<project-private xmlns="http://www.netbeans.org/ns/project-private/1">
    <editor-bookmarks xmlns="http://www.netbeans.org/ns/editor-bookmarks/2" lastBookmarkId="0"/>
    <open-files xmlns="http://www.netbeans.org/ns/projectui-open-files/2">
        <group>
            <file>file:/C:/Users/WINDOWS/Documents/NetBeansProjects/EateryManagementApps/src/eaterymanagementapps/FXMLDocumentController.java</file>
            <file>file:/C:/Users/WINDOWS/Documents/NetBeansProjects/EateryManagementApps/src/eaterymanagementapps/loginController.java</file>
            <file>file:/C:/Users/WINDOWS/Documents/NetBeansProjects/EateryManagementApps/src/eaterymanagementapps/custimer.fxml</file>
            <file>file:/C:/Users/WINDOWS/Documents/NetBeansProjects/EateryManagementApps/src/eaterymanagementapps/CustomerController.java</file>
            <file>file:/C:/Users/WINDOWS/Documents/NetBeansProjects/EateryManagementApps/src/eaterymanagementapps/loginDesign.css</file>
            <file>file:/C:/Users/WINDOWS/Documents/NetBeansProjects/EateryManagementApps/src/eaterymanagementapps/dashbord.fxml</file>
            <file>file:/C:/Users/WINDOWS/Documents/NetBeansProjects/EateryManagementApps/src/eaterymanagementapps/DashbordController.java</file>
        </group>
    </open-files>
</project-private>
